run_id,date,app_id,explorer_model_usd,reporter_model_usd,device_minutes,device_usd,retries,retry_model_usd,retry_device_minutes,retry_device_usd,total_usd,reports_sent,reports_accepted_by_customer
run-0068,2026-08-01,app-retail-02,3.54,1.86,88.5,10.62,1,3.40,85.1,10.21,29.63,11,9
run-0074,2026-08-01,app-bank-01,2.39,1.37,66.2,7.94,2,3.77,104.2,12.50,27.97,10,8
run-0082,2026-08-01,app-retail-02,3.44,1.27,68.3,8.20,2,5.40,107.3,12.87,31.18,12,8
run-0090,2026-08-01,app-bank-01,3.28,0.94,65.8,7.90,1,2.54,50.9,6.11,20.77,12,7
run-0098,2026-08-01,app-food-01,3.64,1.35,71.2,8.54,1,2.66,52.0,6.24,22.43,8,5
run-0179,2026-08-01,app-retail-01,2.26,1.68,86.0,10.32,0,0.00,0.0,0.00,14.26,7,4
run-0205,2026-08-01,app-retail-01,3.12,2.16,97.7,11.72,0,0.00,0.0,0.00,17.00,11,9
run-0255,2026-08-01,app-retail-01,2.19,1.02,64.5,7.74,2,3.99,117.5,14.10,29.04,13,11
run-0345,2026-08-01,app-retail-01,1.50,1.14,69.4,8.33,1,1.47,67.8,8.14,20.58,7,6
run-0347,2026-08-01,app-travel-01,3.10,1.02,69.1,8.30,2,4.97,110.9,13.30,30.69,4,2
run-0391,2026-08-01,app-retail-02,1.72,1.32,73.7,8.84,0,0.00,0.0,0.00,11.88,8,5
run-0005,2026-08-02,app-retail-02,2.82,1.22,87.3,10.47,1,2.06,63.6,7.63,24.20,3,2
run-0012,2026-08-02,app-bank-01,3.22,1.22,88.4,10.61,2,5.48,150.5,18.06,38.59,10,8
run-0101,2026-08-02,app-travel-01,2.89,1.66,84.9,10.19,2,4.96,145.8,17.49,37.19,8,6
run-0128,2026-08-02,app-ride-01,2.67,1.23,47.8,5.73,1,2.60,46.5,5.58,17.81,6,2
run-0143,2026-08-02,app-retail-01,2.40,1.59,54.7,6.56,1,2.27,51.9,6.23,19.05,15,7
run-0213,2026-08-02,app-health-01,2.41,1.55,79.1,9.49,1,1.82,59.9,7.19,22.46,8,5
run-0233,2026-08-02,app-health-01,3.52,1.29,62.9,7.55,0,0.00,0.0,0.00,12.36,12,8
run-0249,2026-08-02,app-retail-01,2.77,1.50,82.7,9.92,1,2.35,70.2,8.43,24.97,5,3
run-0256,2026-08-02,app-edu-01,1.61,1.50,75.5,9.06,3,4.44,208.3,25.00,41.61,11,8
run-0258,2026-08-02,app-health-01,3.45,1.46,43.9,5.27,0,0.00,0.0,0.00,10.18,6,5
run-0298,2026-08-02,app-edu-01,2.65,1.11,52.3,6.27,2,4.09,80.6,9.67,23.79,11,3
run-0332,2026-08-02,app-health-01,2.90,1.40,89.9,10.78,2,5.47,169.5,20.34,40.89,6,5
run-0357,2026-08-02,app-health-01,3.46,1.30,88.0,10.56,0,0.00,0.0,0.00,15.32,14,9
run-0053,2026-08-03,app-travel-01,2.86,1.49,55.7,6.69,0,0.00,0.0,0.00,11.04,13,9
run-0157,2026-08-03,app-travel-01,5.11,1.51,56.3,6.75,3,13.59,149.5,17.93,44.89,13,10
run-0309,2026-08-03,app-edu-01,3.42,1.52,60.6,7.27,0,0.00,0.0,0.00,12.21,6,3
run-0323,2026-08-03,app-health-01,3.06,0.99,70.1,8.41,1,2.85,65.2,7.83,23.14,10,8
run-0041,2026-08-04,app-bank-01,2.49,1.74,73.5,8.83,0,0.00,0.0,0.00,13.06,8,4
run-0058,2026-08-04,app-edu-01,2.96,1.14,76.0,9.11,2,4.77,122.6,14.71,32.69,11,6
run-0104,2026-08-04,app-retail-02,3.93,1.57,50.5,6.06,1,3.51,45.1,5.41,20.48,7,5
run-0105,2026-08-04,app-edu-01,2.18,0.86,68.3,8.20,1,1.72,53.8,6.46,19.42,10,6
run-0191,2026-08-04,app-travel-01,2.60,1.77,62.9,7.55,0,0.00,0.0,0.00,11.92,3,2
run-0282,2026-08-04,app-edu-01,3.07,1.24,84.4,10.12,0,0.00,0.0,0.00,14.43,11,8
run-0288,2026-08-04,app-ride-01,2.65,1.61,79.0,9.48,2,3.84,114.6,13.75,31.33,9,5
run-0296,2026-08-04,app-retail-02,3.11,1.02,65.7,7.89,0,0.00,0.0,0.00,12.02,10,9
run-0316,2026-08-04,app-health-01,2.74,1.45,85.4,10.25,1,2.41,75.3,9.03,25.88,7,5
run-0007,2026-08-05,app-retail-02,3.66,1.15,77.1,9.25,0,0.00,0.0,0.00,14.06,5,3
run-0019,2026-08-05,app-retail-02,2.31,1.44,43.6,5.24,2,4.03,76.1,9.13,22.15,5,2
run-0029,2026-08-05,app-food-01,3.30,1.44,91.0,10.92,3,9.07,249.8,29.98,54.71,14,9
run-0042,2026-08-05,app-bank-01,2.66,1.80,78.1,9.38,0,0.00,0.0,0.00,13.84,11,8
run-0054,2026-08-05,app-edu-01,3.59,1.44,75.0,9.00,2,5.83,121.7,14.61,34.47,10,9
run-0091,2026-08-05,app-edu-01,3.37,1.45,59.6,7.15,3,8.41,148.6,17.84,38.22,7,5
run-0126,2026-08-05,app-bank-01,3.14,1.76,72.1,8.66,1,2.63,60.5,7.26,23.45,6,2
run-0135,2026-08-05,app-retail-01,3.38,1.82,74.0,8.88,1,2.48,54.4,6.53,23.09,9,7
run-0151,2026-08-05,app-retail-01,2.49,1.89,70.2,8.43,2,4.16,117.4,14.09,31.06,13,11
run-0158,2026-08-05,app-ride-01,3.40,1.77,43.2,5.18,2,6.27,79.5,9.55,26.17,6,3
run-0167,2026-08-05,app-health-01,3.13,1.71,83.7,10.04,2,4.91,131.3,15.75,35.54,9,4
run-0181,2026-08-05,app-edu-01,3.26,1.58,75.7,9.09,1,2.36,54.7,6.57,22.86,9,5
run-0198,2026-08-05,app-travel-01,1.83,1.71,70.2,8.42,1,1.38,53.0,6.35,19.69,10,7
run-0215,2026-08-05,app-ride-01,3.61,1.54,83.4,10.01,0,0.00,0.0,0.00,15.16,10,5
run-0225,2026-08-05,app-food-01,3.00,1.66,70.4,8.45,0,0.00,0.0,0.00,13.11,14,10
run-0242,2026-08-05,app-travel-01,2.36,1.76,59.4,7.13,0,0.00,0.0,0.00,11.25,8,3
run-0260,2026-08-05,app-edu-01,2.55,1.82,75.3,9.04,0,0.00,0.0,0.00,13.41,7,4
run-0287,2026-08-05,app-travel-01,2.47,1.74,44.6,5.35,0,0.00,0.0,0.00,9.56,9,5
run-0302,2026-08-05,app-retail-01,2.50,1.75,105.9,12.71,0,0.00,0.0,0.00,16.96,10,8
run-0307,2026-08-05,app-edu-01,2.28,1.30,50.3,6.04,1,1.92,42.3,5.07,16.61,5,5
run-0334,2026-08-05,app-retail-02,3.66,0.90,75.9,9.11,0,0.00,0.0,0.00,13.67,6,6
run-0390,2026-08-05,app-food-01,3.68,1.56,57.5,6.90,1,2.65,41.5,4.98,19.77,8,5
run-0400,2026-08-05,app-bank-01,2.95,1.74,75.8,9.09,2,4.59,118.1,14.17,32.54,10,7
run-0013,2026-08-06,app-bank-01,2.35,1.55,91.5,10.99,1,1.94,75.3,9.03,25.86,13,11
run-0071,2026-08-06,app-edu-01,2.21,1.22,78.0,9.36,1,1.64,57.9,6.95,21.38,10,8
run-0076,2026-08-06,app-retail-01,2.08,1.31,68.2,8.18,2,3.57,116.9,14.03,29.17,9,5
run-0086,2026-08-06,app-health-01,1.99,1.58,61.2,7.34,1,1.45,44.5,5.34,17.70,7,4
run-0147,2026-08-06,app-bank-01,2.19,1.81,79.8,9.58,1,1.59,58.1,6.97,22.14,12,6
run-0199,2026-08-06,app-edu-01,2.51,1.49,60.2,7.22,1,2.34,56.1,6.73,20.29,6,4
run-0239,2026-08-06,app-ride-01,3.12,1.00,75.9,9.10,1,2.51,61.1,7.33,23.06,10,4
run-0269,2026-08-06,app-retail-02,3.07,1.80,94.8,11.37,1,2.98,92.1,11.05,30.27,4,2
run-0292,2026-08-06,app-health-01,3.23,1.63,70.6,8.47,0,0.00,0.0,0.00,13.33,3,3
run-0311,2026-08-06,app-ride-01,3.09,1.73,80.6,9.68,0,0.00,0.0,0.00,14.50,9,6
run-0320,2026-08-06,app-ride-01,3.16,1.47,97.4,11.68,2,6.02,185.6,22.27,44.60,9,6
run-0338,2026-08-06,app-retail-01,2.36,1.58,77.3,9.27,1,1.74,57.1,6.85,21.80,7,2
run-0364,2026-08-06,app-edu-01,3.00,1.33,56.0,6.72,1,2.66,49.6,5.96,19.67,9,7
run-0103,2026-08-07,app-retail-01,3.52,1.77,78.8,9.45,3,8.24,184.1,22.09,45.07,10,8
run-0133,2026-08-07,app-travel-01,2.92,1.71,31.9,3.83,0,0.00,0.0,0.00,8.46,10,5
run-0137,2026-08-07,app-ride-01,4.40,1.65,84.5,10.14,0,0.00,0.0,0.00,16.19,11,7
run-0140,2026-08-07,app-retail-01,1.93,1.72,71.6,8.60,2,3.39,125.6,15.07,30.71,9,7
run-0162,2026-08-07,app-food-01,2.23,1.27,52.3,6.27,3,5.56,130.0,15.60,30.93,7,6
run-0164,2026-08-07,app-travel-01,2.36,1.89,87.6,10.51,0,0.00,0.0,0.00,14.76,12,8
run-0208,2026-08-07,app-bank-01,2.43,1.56,75.0,9.00,0,0.00,0.0,0.00,12.99,14,6
run-0216,2026-08-07,app-edu-01,2.76,1.54,90.8,10.90,3,6.74,221.7,26.60,48.54,11,9
run-0220,2026-08-07,app-health-01,1.77,1.39,89.5,10.74,0,0.00,0.0,0.00,13.90,11,7
run-0267,2026-08-07,app-ride-01,2.34,1.96,60.1,7.21,0,0.00,0.0,0.00,11.51,7,6
run-0276,2026-08-07,app-travel-01,1.95,1.36,74.2,8.90,1,1.64,62.5,7.50,21.35,7,4
run-0335,2026-08-07,app-food-01,3.69,1.12,103.0,12.37,1,3.21,89.9,10.79,31.18,10,9
run-0376,2026-08-07,app-travel-01,3.56,1.57,106.1,12.73,1,3.52,105.1,12.61,33.99,14,5
run-0377,2026-08-07,app-food-01,2.76,1.28,67.8,8.14,0,0.00,0.0,0.00,12.18,11,10
run-0386,2026-08-07,app-retail-02,2.96,1.31,75.7,9.09,1,2.86,73.1,8.77,24.99,13,9
run-0393,2026-08-07,app-retail-02,2.64,1.53,67.9,8.14,2,3.98,102.5,12.29,28.58,6,4
run-0023,2026-08-08,app-edu-01,3.17,1.33,67.3,8.07,0,0.00,0.0,0.00,12.57,9,4
run-0030,2026-08-08,app-retail-01,2.94,0.93,82.7,9.92,3,7.68,216.1,25.93,47.40,10,5
run-0039,2026-08-08,app-bank-01,2.33,2.03,83.3,10.00,1,1.95,69.7,8.36,24.67,11,10
run-0120,2026-08-08,app-health-01,2.75,1.74,82.0,9.84,2,4.62,137.6,16.51,35.46,11,9
run-0132,2026-08-08,app-ride-01,2.13,1.60,66.1,7.93,1,1.83,56.8,6.82,20.31,9,8
run-0141,2026-08-08,app-retail-01,2.36,1.01,71.9,8.63,0,0.00,0.0,0.00,12.00,11,8
run-0165,2026-08-08,app-bank-01,2.79,1.32,87.9,10.55,1,2.65,83.6,10.03,27.34,14,9
run-0175,2026-08-08,app-edu-01,2.96,1.71,77.1,9.25,1,2.52,65.7,7.88,24.32,5,4
run-0217,2026-08-08,app-travel-01,3.55,1.52,50.5,6.06,0,0.00,0.0,0.00,11.13,8,4
run-0248,2026-08-08,app-food-01,3.51,1.05,46.1,5.53,1,3.07,40.4,4.85,18.01,9,5
run-0284,2026-08-08,app-travel-01,2.86,1.44,75.9,9.11,2,5.39,142.8,17.14,35.94,10,8
run-0305,2026-08-08,app-retail-01,2.02,1.49,78.4,9.41,0,0.00,0.0,0.00,12.92,15,7
run-0358,2026-08-08,app-food-01,1.75,1.88,58.9,7.07,3,4.61,155.2,18.62,33.93,10,8
run-0359,2026-08-08,app-bank-01,1.61,1.62,80.0,9.59,1,1.17,58.2,6.99,20.98,9,4
run-0031,2026-08-09,app-edu-01,1.72,1.44,61.1,7.33,1,1.58,56.0,6.72,18.79,7,5
run-0037,2026-08-09,app-travel-01,3.04,1.65,71.7,8.60,3,7.61,179.8,21.57,42.47,8,4
run-0067,2026-08-09,app-bank-01,3.23,1.53,67.2,8.07,1,2.48,51.5,6.18,21.49,10,10
run-0088,2026-08-09,app-ride-01,3.23,1.51,61.5,7.38,2,5.61,106.9,12.83,30.56,7,5
run-0110,2026-08-09,app-edu-01,3.98,1.23,86.0,10.32,3,9.52,205.7,24.68,49.73,6,4
run-0116,2026-08-09,app-travel-01,2.88,1.12,69.6,8.36,1,2.85,68.8,8.25,23.46,9,4
run-0172,2026-08-09,app-ride-01,3.17,1.92,82.2,9.87,1,2.90,75.3,9.04,26.90,11,8
run-0178,2026-08-09,app-travel-01,4.28,1.59,59.7,7.17,2,6.64,92.8,11.13,30.81,9,5
run-0184,2026-08-09,app-bank-01,3.95,1.57,76.3,9.15,1,3.74,72.2,8.66,27.07,14,10
run-0201,2026-08-09,app-health-01,3.42,1.93,71.0,8.52,2,5.46,113.3,13.60,32.93,8,3
run-0221,2026-08-09,app-retail-01,2.03,1.89,76.2,9.14,0,0.00,0.0,0.00,13.06,8,4
run-0240,2026-08-09,app-travel-01,4.06,1.06,68.5,8.22,1,3.11,52.6,6.31,22.76,11,10
run-0262,2026-08-09,app-retail-02,3.15,1.90,80.1,9.61,1,2.21,56.1,6.73,23.60,8,6
run-0343,2026-08-09,app-edu-01,3.17,1.27,91.7,11.00,1,2.96,85.4,10.25,28.65,10,6
run-0360,2026-08-09,app-health-01,2.57,1.29,84.6,10.15,1,2.09,69.0,8.28,24.38,10,5
run-0371,2026-08-09,app-travel-01,2.73,1.73,56.3,6.76,1,2.70,55.8,6.70,20.62,10,7
run-0381,2026-08-09,app-travel-01,3.38,1.03,69.8,8.38,0,0.00,0.0,0.00,12.79,12,7
run-0382,2026-08-09,app-travel-01,2.93,1.45,62.2,7.47,2,4.81,102.2,12.26,28.92,4,2
run-0014,2026-08-10,app-bank-01,2.23,1.90,78.3,9.39,1,1.90,66.6,7.99,23.41,13,10
run-0038,2026-08-10,app-food-01,1.76,1.54,84.4,10.13,2,3.36,161.1,19.33,36.12,6,3
run-0069,2026-08-10,app-travel-01,2.90,1.33,61.9,7.43,0,0.00,0.0,0.00,11.66,8,5
run-0073,2026-08-10,app-health-01,3.14,1.17,77.0,9.24,1,2.95,72.4,8.69,25.19,9,7
run-0113,2026-08-10,app-ride-01,2.50,1.32,58.5,7.02,1,1.80,42.2,5.06,17.70,10,7
run-0131,2026-08-10,app-retail-01,3.49,1.47,68.8,8.26,3,8.87,174.6,20.95,43.04,7,4
run-0194,2026-08-10,app-edu-01,3.24,1.69,84.7,10.17,0,0.00,0.0,0.00,15.10,10,7
run-0209,2026-08-10,app-health-01,3.59,1.73,70.7,8.48,0,0.00,0.0,0.00,13.80,10,9
run-0222,2026-08-10,app-health-01,2.18,1.32,44.5,5.34,0,0.00,0.0,0.00,8.84,11,7
run-0230,2026-08-10,app-travel-01,2.29,1.66,116.6,14.00,1,1.63,82.9,9.95,29.53,9,5
run-0266,2026-08-10,app-food-01,1.94,1.14,98.3,11.79,0,0.00,0.0,0.00,14.87,11,7
run-0295,2026-08-10,app-ride-01,3.69,1.25,70.1,8.41,1,3.31,62.8,7.54,24.20,8,6
run-0315,2026-08-10,app-ride-01,1.77,1.49,69.3,8.32,2,2.54,99.2,11.90,26.02,9,6
run-0355,2026-08-10,app-travel-01,3.04,2.36,76.9,9.23,0,0.00,0.0,0.00,14.63,7,3
run-0361,2026-08-10,app-travel-01,1.77,1.35,106.4,12.76,1,1.65,99.2,11.90,29.43,7,7
run-0389,2026-08-10,app-edu-01,2.84,1.79,50.1,6.02,1,2.18,38.4,4.61,17.44,4,1
run-0096,2026-08-11,app-edu-01,2.77,1.70,69.3,8.32,0,0.00,0.0,0.00,12.79,14,10
run-0155,2026-08-11,app-bank-01,2.78,1.50,85.2,10.22,0,0.00,0.0,0.00,14.50,7,5
run-0196,2026-08-11,app-food-01,2.44,1.28,72.9,8.75,0,0.00,0.0,0.00,12.47,8,7
run-0259,2026-08-11,app-retail-01,2.71,1.05,80.8,9.70,2,5.20,155.1,18.62,37.28,12,9
run-0274,2026-08-11,app-edu-01,2.73,1.31,86.7,10.41,2,4.31,136.8,16.41,35.17,10,8
run-0300,2026-08-11,app-bank-01,3.26,1.45,81.4,9.77,1,2.32,58.0,6.96,23.76,8,6
run-0367,2026-08-11,app-bank-01,2.22,1.44,65.2,7.82,1,2.18,63.8,7.66,21.32,10,9
run-0368,2026-08-11,app-retail-02,2.84,1.15,92.9,11.15,2,5.28,172.4,20.69,41.11,11,6
run-0395,2026-08-11,app-retail-01,3.04,1.45,91.4,10.97,1,2.53,75.9,9.10,27.09,7,1
run-0001,2026-08-12,app-health-01,2.91,1.74,89.3,10.72,0,0.00,0.0,0.00,15.37,8,5
run-0035,2026-08-12,app-food-01,3.47,1.98,67.5,8.09,1,3.36,65.3,7.83,24.73,6,4
run-0092,2026-08-12,app-bank-01,3.57,1.86,66.6,7.99,0,0.00,0.0,0.00,13.42,9,8
run-0094,2026-08-12,app-retail-02,2.73,1.50,68.7,8.24,1,2.11,53.2,6.38,20.96,10,7
run-0127,2026-08-12,app-edu-01,3.91,1.20,79.0,9.48,0,0.00,0.0,0.00,14.59,12,7
run-0136,2026-08-12,app-bank-01,2.67,1.29,42.4,5.08,1,2.37,37.6,4.51,15.92,11,8
run-0177,2026-08-12,app-ride-01,2.17,1.01,92.8,11.14,3,5.61,240.4,28.85,48.78,7,1
run-0271,2026-08-12,app-travel-01,2.79,1.91,77.2,9.26,1,2.45,67.7,8.12,24.53,13,9
run-0272,2026-08-12,app-retail-02,3.27,1.05,59.1,7.09,0,0.00,0.0,0.00,11.41,5,3
run-0277,2026-08-12,app-travel-01,2.45,1.40,76.6,9.19,3,6.12,191.3,22.96,42.12,10,8
run-0328,2026-08-12,app-travel-01,2.85,0.82,58.8,7.05,0,0.00,0.0,0.00,10.72,13,11
run-0339,2026-08-12,app-bank-01,2.38,1.22,66.6,7.99,1,1.88,52.8,6.33,19.80,4,2
run-0350,2026-08-12,app-bank-01,3.74,1.38,82.5,9.90,1,2.78,61.3,7.36,25.16,11,8
run-0374,2026-08-12,app-health-01,2.36,1.78,62.9,7.54,3,5.58,149.0,17.87,35.13,6,3
run-0392,2026-08-12,app-retail-02,2.62,1.52,74.9,8.99,1,1.96,56.0,6.72,21.81,8,6
run-0246,2026-08-13,app-travel-01,3.25,1.29,76.9,9.23,1,2.41,57.0,6.84,23.02,4,3
run-0299,2026-08-13,app-ride-01,2.86,1.77,49.3,5.91,1,2.44,42.1,5.05,18.03,6,3
run-0325,2026-08-13,app-ride-01,2.83,1.41,78.9,9.46,0,0.00,0.0,0.00,13.70,13,9
run-0337,2026-08-13,app-health-01,3.24,1.31,80.4,9.64,1,2.79,69.2,8.30,25.28,4,3
run-0362,2026-08-13,app-retail-01,1.92,2.07,64.1,7.69,1,1.43,47.6,5.71,18.82,10,7
run-0383,2026-08-13,app-retail-01,3.86,1.43,72.9,8.75,3,9.48,179.1,21.49,45.01,11,6
run-0004,2026-08-14,app-edu-01,3.21,1.83,73.9,8.87,2,4.89,112.5,13.50,32.30,11,10
run-0026,2026-08-14,app-health-01,2.92,1.02,85.1,10.21,0,0.00,0.0,0.00,14.15,12,8
run-0057,2026-08-14,app-health-01,2.18,1.82,82.0,9.84,2,3.80,143.2,17.18,34.82,15,13
run-0187,2026-08-14,app-edu-01,2.94,1.14,67.6,8.12,3,6.82,156.7,18.81,37.83,11,8
run-0224,2026-08-14,app-bank-01,3.57,1.57,96.2,11.54,2,6.13,165.0,19.80,42.61,10,7
run-0232,2026-08-14,app-travel-01,2.22,1.06,80.5,9.66,3,5.79,209.5,25.14,43.87,6,3
run-0289,2026-08-14,app-ride-01,3.16,1.66,93.9,11.27,2,5.63,167.4,20.09,41.81,11,7
run-0319,2026-08-14,app-retail-01,3.06,0.93,85.0,10.20,0,0.00,0.0,0.00,14.19,9,7
run-0326,2026-08-14,app-retail-01,2.41,1.58,85.3,10.24,0,0.00,0.0,0.00,14.23,9,6
run-0033,2026-08-15,app-bank-01,2.79,1.40,69.8,8.37,1,2.01,50.4,6.05,20.62,10,4
run-0060,2026-08-15,app-edu-01,3.00,1.68,97.4,11.68,1,2.86,92.9,11.15,30.37,14,11
run-0095,2026-08-15,app-ride-01,3.19,0.54,59.8,7.18,1,2.31,43.3,5.20,18.42,12,8
run-0100,2026-08-15,app-travel-01,3.26,1.47,77.1,9.25,1,2.29,54.1,6.50,22.77,9,4
run-0122,2026-08-15,app-health-01,3.03,1.31,73.0,8.77,0,0.00,0.0,0.00,13.11,12,7
run-0130,2026-08-15,app-ride-01,3.92,1.51,75.9,9.11,0,0.00,0.0,0.00,14.54,7,5
run-0146,2026-08-15,app-ride-01,2.89,0.87,65.1,7.81,1,2.64,59.3,7.12,21.33,12,7
run-0185,2026-08-15,app-edu-01,3.71,1.83,76.1,9.13,2,6.92,142.0,17.04,38.63,12,4
run-0189,2026-08-15,app-retail-02,1.91,1.47,93.5,11.22,0,0.00,0.0,0.00,14.60,9,8
run-0329,2026-08-15,app-food-01,3.59,1.61,70.8,8.50,1,3.57,70.4,8.44,25.71,12,7
run-0351,2026-08-15,app-retail-02,3.21,1.31,72.3,8.67,0,0.00,0.0,0.00,13.19,11,5
run-0356,2026-08-15,app-bank-01,4.10,1.28,93.8,11.26,0,0.00,0.0,0.00,16.64,11,9
run-0079,2026-08-16,app-travel-01,2.61,1.79,57.1,6.85,3,6.30,137.7,16.53,34.08,9,6
run-0145,2026-08-16,app-health-01,2.38,1.64,80.7,9.68,1,2.34,79.2,9.50,25.54,8,2
run-0193,2026-08-16,app-bank-01,2.17,1.59,59.0,7.08,1,1.73,46.9,5.63,18.20,7,4
run-0204,2026-08-16,app-food-01,3.33,1.77,47.3,5.67,1,2.54,36.1,4.33,17.64,9,5
run-0210,2026-08-16,app-ride-01,3.21,1.59,51.5,6.18,2,5.83,93.6,11.23,28.04,13,8
run-0243,2026-08-16,app-health-01,2.10,1.43,87.9,10.55,2,3.86,161.8,19.42,37.36,14,8
run-0244,2026-08-16,app-food-01,3.19,2.04,81.7,9.80,1,2.95,75.6,9.07,27.05,4,4
run-0312,2026-08-16,app-health-01,3.98,1.03,83.8,10.06,0,0.00,0.0,0.00,15.07,8,3
run-0317,2026-08-16,app-health-01,2.74,1.18,64.2,7.70,1,2.54,59.4,7.13,21.29,10,8
run-0348,2026-08-16,app-food-01,3.04,1.80,46.2,5.54,2,5.13,78.0,9.36,24.87,9,4
run-0385,2026-08-16,app-retail-02,2.90,1.64,81.5,9.78,2,4.80,134.7,16.17,35.29,5,4
run-0006,2026-08-17,app-retail-02,4.34,1.51,70.2,8.42,1,3.12,50.4,6.05,23.44,12,8
run-0025,2026-08-17,app-health-01,2.57,1.64,101.3,12.15,2,4.42,173.7,20.84,41.62,10,4
run-0027,2026-08-17,app-retail-02,3.39,1.85,76.2,9.15,2,6.09,136.8,16.42,36.90,6,3
run-0047,2026-08-17,app-edu-01,2.06,0.78,91.4,10.97,2,3.56,158.0,18.97,36.34,11,7
run-0064,2026-08-17,app-retail-02,2.04,1.43,83.4,10.01,0,0.00,0.0,0.00,13.48,10,4
run-0099,2026-08-17,app-edu-01,1.52,1.49,66.6,7.99,2,2.86,125.6,15.07,28.93,9,8
run-0119,2026-08-17,app-ride-01,3.51,0.83,65.8,7.90,1,2.99,56.1,6.73,21.96,9,5
run-0188,2026-08-17,app-health-01,2.73,1.20,77.9,9.34,1,2.04,58.4,7.00,22.31,9,3
run-0190,2026-08-17,app-food-01,2.86,1.49,65.6,7.87,3,7.36,168.9,20.26,39.84,12,8
run-0203,2026-08-17,app-edu-01,3.84,1.07,82.3,9.88,3,9.10,195.2,23.42,47.31,10,5
run-0241,2026-08-17,app-health-01,3.84,1.95,82.5,9.90,1,2.94,63.1,7.58,26.21,12,6
run-0247,2026-08-17,app-ride-01,2.87,1.47,91.2,10.95,2,4.96,157.4,18.89,39.14,10,6
run-0264,2026-08-17,app-ride-01,3.48,1.34,63.1,7.57,0,0.00,0.0,0.00,12.39,8,7
run-0265,2026-08-17,app-travel-01,2.10,1.26,55.6,6.67,2,3.60,95.5,11.46,25.09,12,7
run-0279,2026-08-17,app-retail-01,2.44,1.65,96.5,11.58,3,6.49,256.8,30.82,52.98,8,7
run-0010,2026-08-18,app-ride-01,2.86,1.49,84.9,10.18,0,0.00,0.0,0.00,14.53,9,8
run-0111,2026-08-18,app-health-01,2.93,1.75,82.2,9.86,1,2.76,77.3,9.28,26.58,12,8
run-0117,2026-08-18,app-health-01,1.97,1.62,82.7,9.92,0,0.00,0.0,0.00,13.51,10,6
run-0129,2026-08-18,app-health-01,3.69,0.99,47.2,5.67,1,3.00,38.3,4.60,17.95,11,8
run-0139,2026-08-18,app-travel-01,4.00,1.14,89.8,10.78,2,7.06,158.4,19.00,41.98,9,5
run-0152,2026-08-18,app-ride-01,2.97,1.44,78.8,9.45,1,2.62,69.6,8.35,24.83,11,9
run-0156,2026-08-18,app-retail-02,2.61,1.74,66.3,7.95,1,2.39,60.7,7.29,21.98,9,4
run-0176,2026-08-18,app-ride-01,4.57,1.36,101.3,12.15,0,0.00,0.0,0.00,18.08,12,7
run-0180,2026-08-18,app-travel-01,2.51,1.43,30.3,3.64,3,6.35,76.7,9.20,23.13,13,9
run-0186,2026-08-18,app-retail-02,2.94,1.63,60.3,7.24,0,0.00,0.0,0.00,11.81,13,8
run-0200,2026-08-18,app-edu-01,3.31,1.43,50.1,6.02,0,0.00,0.0,0.00,10.76,14,11
run-0253,2026-08-18,app-travel-01,2.50,0.65,56.0,6.72,1,2.37,53.2,6.38,18.62,9,3
run-0366,2026-08-18,app-retail-01,3.06,1.58,60.2,7.22,1,2.70,53.1,6.37,20.93,9,7
run-0011,2026-08-19,app-food-01,3.26,1.02,84.7,10.16,1,3.20,83.2,9.99,27.63,9,5
run-0022,2026-08-19,app-ride-01,3.75,1.25,70.9,8.50,0,0.00,0.0,0.00,13.50,6,5
run-0049,2026-08-19,app-food-01,2.13,1.58,75.3,9.04,1,1.52,53.8,6.46,20.73,11,7
run-0102,2026-08-19,app-travel-01,3.26,1.24,59.2,7.11,0,0.00,0.0,0.00,11.61,6,1
run-0125,2026-08-19,app-retail-02,2.52,1.07,71.4,8.57,1,2.13,60.4,7.25,21.54,8,6
run-0142,2026-08-19,app-health-01,2.69,1.56,83.2,9.99,0,0.00,0.0,0.00,14.24,10,7
run-0160,2026-08-19,app-health-01,3.76,1.62,77.5,9.30,1,3.32,68.5,8.22,26.22,8,5
run-0182,2026-08-19,app-retail-01,2.92,1.68,72.1,8.65,2,4.65,114.8,13.78,31.68,9,7
run-0197,2026-08-19,app-travel-01,2.78,1.92,85.6,10.27,3,7.63,234.5,28.14,50.74,8,7
run-0252,2026-08-19,app-travel-01,2.38,1.54,81.6,9.79,1,2.36,81.0,9.72,25.79,7,6
run-0254,2026-08-19,app-retail-02,2.78,1.44,61.7,7.41,2,4.55,100.8,12.09,28.27,11,7
run-0270,2026-08-19,app-health-01,2.50,1.59,76.5,9.18,0,0.00,0.0,0.00,13.27,6,3
run-0273,2026-08-19,app-edu-01,2.44,1.32,89.5,10.74,1,2.19,80.3,9.64,26.33,5,3
run-0278,2026-08-19,app-travel-01,1.90,0.98,81.4,9.77,0,0.00,0.0,0.00,12.65,10,3
run-0324,2026-08-19,app-ride-01,2.62,1.97,60.8,7.29,1,1.92,44.5,5.34,19.14,9,7
run-0369,2026-08-19,app-retail-02,3.20,1.22,88.2,10.58,3,8.26,227.5,27.30,50.56,9,7
run-0380,2026-08-19,app-retail-02,3.21,1.69,77.6,9.31,1,2.42,58.6,7.03,23.66,5,4
run-0398,2026-08-19,app-retail-01,3.24,2.17,77.5,9.30,0,0.00,0.0,0.00,14.71,12,7
run-0399,2026-08-19,app-health-01,3.78,1.84,74.5,8.93,1,2.90,57.1,6.85,24.30,8,7
run-0008,2026-08-20,app-bank-01,2.91,1.09,85.9,10.30,1,2.30,67.7,8.13,24.73,10,7
run-0021,2026-08-20,app-edu-01,2.67,1.46,63.2,7.59,0,0.00,0.0,0.00,11.72,12,8
run-0045,2026-08-20,app-bank-01,3.91,1.05,72.2,8.66,2,6.70,123.6,14.84,35.16,6,5
run-0048,2026-08-20,app-retail-01,2.75,1.31,90.3,10.83,0,0.00,0.0,0.00,14.89,11,6
run-0052,2026-08-20,app-health-01,1.96,1.65,77.6,9.32,2,3.48,137.5,16.50,32.91,9,7
run-0065,2026-08-20,app-ride-01,3.41,1.30,60.6,7.27,1,2.91,51.6,6.20,21.09,7,4
run-0081,2026-08-20,app-retail-02,2.26,0.92,64.2,7.71,2,3.61,102.5,12.30,26.80,12,8
run-0234,2026-08-20,app-retail-01,1.94,1.38,81.8,9.82,0,0.00,0.0,0.00,13.14,9,7
run-0263,2026-08-20,app-ride-01,3.53,1.33,72.7,8.72,1,2.56,52.7,6.33,22.47,10,8
run-0275,2026-08-20,app-food-01,1.24,0.87,61.3,7.36,0,0.00,0.0,0.00,9.47,6,2
run-0301,2026-08-20,app-retail-01,2.15,1.66,76.3,9.16,2,3.28,116.2,13.95,30.20,9,6
run-0373,2026-08-20,app-ride-01,3.15,2.01,62.9,7.55,0,0.00,0.0,0.00,12.71,8,7
run-0379,2026-08-20,app-bank-01,3.23,1.23,82.8,9.94,0,0.00,0.0,0.00,14.40,2,1
run-0394,2026-08-20,app-retail-02,2.09,1.81,83.0,9.97,3,5.36,212.7,25.53,44.76,8,5
run-0036,2026-08-21,app-health-01,4.24,1.29,63.3,7.59,0,0.00,0.0,0.00,13.12,6,4
run-0070,2026-08-21,app-food-01,3.06,1.71,69.8,8.37,0,0.00,0.0,0.00,13.14,12,9
run-0083,2026-08-21,app-travel-01,2.08,1.42,51.5,6.18,1,1.95,48.5,5.82,17.45,11,10
run-0109,2026-08-21,app-travel-01,3.91,1.14,80.7,9.69,3,10.07,208.0,24.97,49.78,10,7
run-0138,2026-08-21,app-food-01,2.71,1.22,66.3,7.95,0,0.00,0.0,0.00,11.88,11,6
run-0150,2026-08-21,app-food-01,2.98,1.42,75.6,9.07,0,0.00,0.0,0.00,13.47,6,4
run-0183,2026-08-21,app-edu-01,3.00,0.79,99.6,11.96,1,2.24,74.4,8.93,26.92,13,8
run-0238,2026-08-21,app-ride-01,3.22,1.69,65.0,7.80,2,5.27,106.4,12.76,30.74,6,2
run-0384,2026-08-21,app-retail-01,2.99,1.17,66.5,7.98,1,2.24,49.9,5.99,20.37,7,4
run-0018,2026-08-22,app-food-01,2.72,1.49,91.5,10.99,1,2.61,87.9,10.54,28.35,10,6
run-0044,2026-08-22,app-bank-01,2.20,1.26,62.0,7.45,2,3.53,99.4,11.93,26.37,11,5
run-0108,2026-08-22,app-bank-01,2.92,1.10,77.3,9.27,2,4.99,132.0,15.84,34.12,11,6
run-0173,2026-08-22,app-retail-02,3.04,1.51,67.9,8.14,1,2.39,53.4,6.41,21.49,9,7
run-0202,2026-08-22,app-food-01,2.07,2.04,92.5,11.10,3,5.49,245.2,29.43,50.13,11,9
run-0219,2026-08-22,app-edu-01,2.95,1.78,87.6,10.51,0,0.00,0.0,0.00,15.24,7,4
run-0237,2026-08-22,app-retail-01,2.34,1.52,105.4,12.64,1,2.04,92.1,11.05,29.59,7,3
run-0294,2026-08-22,app-retail-01,3.61,1.48,74.4,8.92,3,7.94,163.7,19.64,41.59,11,3
run-0297,2026-08-22,app-retail-02,3.58,1.22,68.6,8.23,2,6.97,133.6,16.03,36.03,8,5
run-0303,2026-08-22,app-bank-01,2.98,1.51,86.7,10.40,1,2.29,66.6,7.99,25.17,8,6
run-0310,2026-08-22,app-food-01,3.30,1.24,84.7,10.16,1,3.22,82.7,9.92,27.84,10,10
run-0349,2026-08-22,app-bank-01,3.88,1.07,80.2,9.63,0,0.00,0.0,0.00,14.58,6,1
run-0352,2026-08-22,app-ride-01,2.32,1.23,88.5,10.62,1,1.90,72.6,8.71,24.78,6,3
run-0365,2026-08-22,app-food-01,2.03,0.72,47.8,5.73,1,1.52,35.8,4.29,14.29,8,6
run-0388,2026-08-22,app-food-01,2.32,1.28,110.3,13.24,0,0.00,0.0,0.00,16.84,7,4
run-0034,2026-08-23,app-edu-01,2.60,2.00,75.1,9.01,0,0.00,0.0,0.00,13.61,8,4
run-0051,2026-08-23,app-food-01,2.23,1.14,75.5,9.06,3,5.29,178.9,21.46,39.18,7,5
run-0059,2026-08-23,app-retail-01,2.69,1.60,65.3,7.83,1,2.49,60.5,7.26,21.87,14,8
run-0112,2026-08-23,app-travel-01,1.71,1.63,85.8,10.30,1,1.40,70.1,8.41,23.45,12,5
run-0134,2026-08-23,app-travel-01,2.96,1.48,88.4,10.60,0,0.00,0.0,0.00,15.04,10,8
run-0154,2026-08-23,app-retail-01,2.53,1.74,45.5,5.46,2,4.42,79.5,9.54,23.69,5,2
run-0161,2026-08-23,app-travel-01,3.58,1.69,68.5,8.22,3,8.83,169.1,20.29,42.61,10,7
run-0211,2026-08-23,app-ride-01,3.08,1.60,54.3,6.52,3,7.86,138.6,16.64,35.70,6,3
run-0227,2026-08-23,app-ride-01,3.68,0.97,94.7,11.36,1,3.57,91.9,11.03,30.61,6,6
run-0236,2026-08-23,app-ride-01,2.82,1.56,86.5,10.38,1,2.70,83.0,9.96,27.42,7,2
run-0268,2026-08-23,app-health-01,2.83,1.08,61.4,7.37,0,0.00,0.0,0.00,11.28,9,5
run-0327,2026-08-23,app-retail-02,4.10,1.39,72.1,8.65,1,2.97,52.2,6.26,23.37,9,8
run-0028,2026-08-24,app-edu-01,2.65,1.59,80.5,9.66,1,2.17,65.9,7.91,23.98,6,2
run-0062,2026-08-24,app-retail-01,3.78,1.00,99.0,11.88,2,6.98,183.1,21.98,45.62,7,4
run-0089,2026-08-24,app-health-01,3.31,1.76,61.9,7.43,1,2.80,52.3,6.28,21.58,9,7
run-0114,2026-08-24,app-edu-01,3.82,1.37,81.7,9.80,2,6.84,146.1,17.53,39.36,7,5
run-0218,2026-08-24,app-food-01,3.23,1.39,93.0,11.16,3,8.66,249.3,29.92,54.36,7,6
run-0280,2026-08-24,app-retail-02,1.07,0.95,77.1,9.25,2,1.83,131.5,15.79,28.89,9,6
run-0340,2026-08-24,app-bank-01,2.69,1.55,87.9,10.55,2,5.00,163.1,19.57,39.36,10,8
run-0378,2026-08-24,app-retail-02,3.31,1.20,45.3,5.44,2,6.11,83.6,10.04,26.10,4,1
run-0397,2026-08-24,app-food-01,3.10,1.84,78.3,9.40,2,5.17,130.5,15.67,35.18,6,4
run-0016,2026-08-25,app-bank-01,3.18,1.85,87.0,10.44,3,8.08,221.0,26.52,50.07,8,4
run-0055,2026-08-25,app-edu-01,3.16,0.96,110.9,13.31,1,3.07,107.7,12.92,33.42,11,8
run-0072,2026-08-25,app-ride-01,3.14,1.09,89.4,10.73,0,0.00,0.0,0.00,14.96,10,8
run-0077,2026-08-25,app-retail-01,3.55,1.31,63.7,7.64,3,9.92,178.2,21.38,43.80,6,5
run-0087,2026-08-25,app-bank-01,2.89,1.21,93.3,11.20,3,7.54,243.9,29.26,52.10,8,7
run-0118,2026-08-25,app-retail-02,3.61,1.66,60.2,7.22,1,2.67,44.6,5.35,20.51,8,4
run-0144,2026-08-25,app-retail-02,2.16,1.56,74.2,8.90,1,1.99,68.4,8.21,22.82,10,6
run-0226,2026-08-25,app-health-01,2.81,1.22,73.1,8.77,1,2.68,69.6,8.35,23.83,10,8
run-0321,2026-08-25,app-bank-01,3.79,1.68,71.0,8.52,1,2.73,51.2,6.14,22.86,7,4
run-0330,2026-08-25,app-health-01,3.01,1.42,71.8,8.62,2,5.04,120.5,14.46,32.55,5,3
run-0003,2026-08-26,app-retail-02,4.28,1.18,73.1,8.77,0,0.00,0.0,0.00,14.23,4,2
run-0020,2026-08-26,app-edu-01,3.37,1.43,63.4,7.61,1,3.30,62.1,7.45,23.16,7,6
run-0032,2026-08-26,app-edu-01,2.22,1.15,91.6,10.99,0,0.00,0.0,0.00,14.36,10,7
run-0080,2026-08-26,app-bank-01,2.52,1.58,51.5,6.18,1,2.22,45.5,5.45,17.95,11,9
run-0106,2026-08-26,app-health-01,2.96,1.32,66.7,8.01,1,2.31,51.9,6.23,20.83,6,3
run-0121,2026-08-26,app-health-01,3.98,1.47,87.9,10.55,0,0.00,0.0,0.00,16.00,10,7
run-0169,2026-08-26,app-retail-02,2.86,1.64,54.0,6.48,0,0.00,0.0,0.00,10.98,5,3
run-0245,2026-08-26,app-bank-01,3.54,1.51,61.6,7.39,0,0.00,0.0,0.00,12.44,9,7
run-0281,2026-08-26,app-bank-01,2.36,1.59,75.0,9.00,1,1.72,54.8,6.57,21.24,10,9
run-0293,2026-08-26,app-food-01,3.05,1.99,85.9,10.31,0,0.00,0.0,0.00,15.35,8,6
run-0344,2026-08-26,app-ride-01,3.33,1.61,57.3,6.88,3,8.07,138.9,16.67,36.56,11,9
run-0372,2026-08-26,app-ride-01,3.68,0.97,82.0,9.84,3,10.53,234.4,28.12,53.14,11,8
run-0009,2026-08-27,app-travel-01,1.67,1.41,80.6,9.67,0,0.00,0.0,0.00,12.75,8,5
run-0024,2026-08-27,app-edu-01,2.65,1.32,60.2,7.22,1,2.31,52.3,6.28,19.78,12,9
run-0078,2026-08-27,app-ride-01,2.38,1.20,72.6,8.71,0,0.00,0.0,0.00,12.29,9,7
run-0085,2026-08-27,app-travel-01,3.32,1.17,71.0,8.52,0,0.00,0.0,0.00,13.01,11,5
run-0107,2026-08-27,app-food-01,3.07,1.67,65.4,7.85,0,0.00,0.0,0.00,12.59,9,5
run-0148,2026-08-27,app-edu-01,2.30,1.59,80.2,9.63,3,5.54,193.5,23.22,42.28,11,6
run-0166,2026-08-27,app-retail-02,2.23,1.45,54.8,6.57,1,2.13,52.4,6.28,18.66,6,1
run-0170,2026-08-27,app-bank-01,3.40,1.66,60.0,7.20,0,0.00,0.0,0.00,12.26,14,8
run-0207,2026-08-27,app-food-01,2.95,1.64,72.8,8.73,0,0.00,0.0,0.00,13.32,6,4
run-0212,2026-08-27,app-retail-01,3.84,1.35,71.2,8.54,1,3.53,65.4,7.85,25.11,8,8
run-0231,2026-08-27,app-ride-01,3.46,1.06,57.3,6.88,1,2.71,44.9,5.39,19.50,7,4
run-0250,2026-08-27,app-ride-01,2.84,1.38,75.8,9.10,3,7.91,211.3,25.35,46.58,8,7
run-0251,2026-08-27,app-food-01,3.14,1.24,81.6,9.79,1,2.47,64.3,7.71,24.35,9,5
run-0283,2026-08-27,app-travel-01,2.81,1.51,69.4,8.33,1,2.12,52.4,6.28,21.05,5,3
run-0306,2026-08-27,app-travel-01,3.12,1.81,87.8,10.54,0,0.00,0.0,0.00,15.47,13,8
run-0363,2026-08-27,app-health-01,2.62,0.96,64.0,7.68,0,0.00,0.0,0.00,11.26,11,8
run-0370,2026-08-27,app-retail-02,3.07,1.43,74.8,8.98,0,0.00,0.0,0.00,13.48,11,7
run-0396,2026-08-27,app-bank-01,2.37,0.93,61.6,7.39,2,4.02,104.7,12.57,27.28,12,10
run-0066,2026-08-28,app-health-01,2.47,2.23,65.8,7.89,2,4.34,115.5,13.87,30.80,8,2
run-0163,2026-08-28,app-food-01,3.72,1.60,68.8,8.25,2,5.74,106.1,12.74,32.05,5,3
run-0168,2026-08-28,app-health-01,3.33,1.21,45.2,5.42,0,0.00,0.0,0.00,9.96,8,6
run-0214,2026-08-28,app-retail-02,3.06,1.22,96.6,11.59,0,0.00,0.0,0.00,15.87,11,7
run-0228,2026-08-28,app-food-01,4.00,1.29,90.1,10.82,1,3.33,75.0,9.00,28.44,11,10
run-0229,2026-08-28,app-retail-02,2.59,1.51,68.3,8.20,1,2.07,54.7,6.56,20.93,11,6
run-0257,2026-08-28,app-edu-01,3.72,1.14,75.8,9.10,2,6.26,127.5,15.30,35.52,8,5
run-0291,2026-08-28,app-food-01,3.63,2.44,69.0,8.28,1,3.53,66.9,8.03,25.91,14,9
run-0333,2026-08-28,app-ride-01,1.87,1.40,104.6,12.55,2,3.01,168.0,20.16,38.99,6,5
run-0341,2026-08-28,app-retail-01,2.66,1.14,78.2,9.39,0,0.00,0.0,0.00,13.19,9,6
run-0017,2026-08-29,app-travel-01,3.25,1.84,78.5,9.42,1,2.96,71.5,8.58,26.05,10,8
run-0056,2026-08-29,app-travel-01,4.06,1.18,101.3,12.16,1,3.47,86.6,10.39,31.26,13,8
run-0075,2026-08-29,app-health-01,2.39,1.05,79.9,9.58,0,0.00,0.0,0.00,13.02,12,10
run-0084,2026-08-29,app-edu-01,2.26,1.46,90.4,10.85,1,1.69,67.4,8.09,24.35,12,7
run-0093,2026-08-29,app-ride-01,2.60,1.54,66.7,8.00,3,7.48,191.4,22.97,42.59,9,5
run-0097,2026-08-29,app-ride-01,2.09,1.71,91.2,10.94,1,1.81,78.9,9.46,26.01,7,5
run-0124,2026-08-29,app-edu-01,1.94,1.14,83.6,10.04,2,3.26,140.5,16.86,33.24,5,3
run-0149,2026-08-29,app-health-01,2.30,1.88,80.1,9.61,1,1.72,59.9,7.19,22.70,11,9
run-0195,2026-08-29,app-food-01,4.06,1.45,63.3,7.60,2,7.37,115.1,13.81,34.29,9,5
run-0206,2026-08-29,app-travel-01,3.25,1.42,77.3,9.28,0,0.00,0.0,0.00,13.95,4,3
run-0235,2026-08-29,app-bank-01,1.46,1.82,54.1,6.49,1,1.13,41.7,5.01,15.91,8,6
run-0286,2026-08-29,app-health-01,3.01,1.95,86.5,10.38,1,2.17,62.4,7.49,25.00,10,6
run-0304,2026-08-29,app-travel-01,2.70,1.57,88.5,10.62,2,4.05,132.6,15.91,34.85,10,8
run-0313,2026-08-29,app-health-01,2.82,1.46,75.6,9.07,1,2.48,66.6,7.99,23.82,9,7
run-0322,2026-08-29,app-retail-02,3.59,1.51,58.9,7.07,1,3.13,51.3,6.16,21.46,7,3
run-0342,2026-08-29,app-bank-01,2.99,1.72,69.8,8.38,2,4.49,104.7,12.56,30.14,6,3
run-0353,2026-08-29,app-retail-02,3.30,1.06,72.2,8.66,2,6.21,135.9,16.30,35.53,10,8
run-0002,2026-08-30,app-health-01,3.07,1.98,83.3,10.00,2,5.04,137.1,16.45,36.54,7,6
run-0040,2026-08-30,app-health-01,3.78,1.63,71.8,8.61,3,9.46,179.5,21.54,45.02,10,5
run-0043,2026-08-30,app-food-01,1.97,1.60,70.9,8.51,1,1.43,51.4,6.16,19.67,14,8
run-0050,2026-08-30,app-edu-01,3.20,1.65,49.6,5.96,1,3.14,48.7,5.84,19.79,7,7
run-0061,2026-08-30,app-edu-01,2.61,1.15,65.9,7.90,2,4.36,109.9,13.19,29.21,8,7
run-0159,2026-08-30,app-ride-01,3.06,1.24,93.6,11.23,1,2.91,89.0,10.68,29.12,11,8
run-0171,2026-08-30,app-bank-01,3.81,1.44,57.2,6.86,2,5.76,86.4,10.37,28.24,10,7
run-0285,2026-08-30,app-retail-02,2.36,1.24,87.0,10.44,2,3.57,131.6,15.80,33.41,9,6
run-0290,2026-08-30,app-food-01,2.81,1.61,103.3,12.40,1,2.14,78.7,9.44,28.40,6,5
run-0308,2026-08-30,app-bank-01,2.45,2.08,91.6,11.00,1,2.10,78.7,9.45,27.08,13,8
run-0314,2026-08-30,app-retail-02,2.41,1.48,61.3,7.35,1,2.15,54.8,6.57,19.96,6,3
run-0331,2026-08-30,app-retail-01,2.52,1.41,84.7,10.16,3,6.29,211.6,25.39,45.77,9,7
run-0354,2026-08-30,app-bank-01,2.76,0.93,72.5,8.70,0,0.00,0.0,0.00,12.39,7,3
run-0387,2026-08-30,app-health-01,3.16,1.91,99.2,11.91,1,2.21,69.6,8.35,27.54,6,5
run-0015,2026-08-31,app-food-01,3.26,0.96,47.4,5.69,0,0.00,0.0,0.00,9.91,11,7
run-0046,2026-08-31,app-bank-01,2.79,1.61,49.9,5.99,1,2.27,40.5,4.86,17.52,6,4
run-0063,2026-08-31,app-food-01,1.82,1.63,105.9,12.71,0,0.00,0.0,0.00,16.16,9,8
run-0115,2026-08-31,app-health-01,2.67,1.47,81.8,9.82,0,0.00,0.0,0.00,13.96,7,4
run-0123,2026-08-31,app-food-01,3.02,1.71,79.2,9.50,0,0.00,0.0,0.00,14.23,6,4
run-0153,2026-08-31,app-ride-01,3.06,1.47,80.0,9.60,2,5.31,138.8,16.66,36.10,6,6
run-0174,2026-08-31,app-retail-02,2.64,1.22,96.6,11.60,1,2.40,87.9,10.54,28.40,7,5
run-0192,2026-08-31,app-ride-01,3.18,1.30,63.9,7.67,1,2.55,51.2,6.14,20.84,8,3
run-0223,2026-08-31,app-ride-01,4.17,1.55,76.8,9.21,2,7.68,141.5,16.98,39.59,11,9
run-0261,2026-08-31,app-travel-01,3.81,1.49,87.0,10.44,0,0.00,0.0,0.00,15.74,8,3
run-0318,2026-08-31,app-travel-01,3.00,1.25,67.8,8.14,1,2.86,64.7,7.76,23.01,8,6
run-0336,2026-08-31,app-health-01,2.78,1.49,61.1,7.33,1,2.00,43.9,5.26,18.86,9,8
run-0346,2026-08-31,app-bank-01,2.72,1.38,109.0,13.07,1,2.49,99.8,11.98,31.64,9,9
run-0375,2026-08-31,app-food-01,3.24,1.38,74.1,8.89,0,0.00,0.0,0.00,13.51,8,7
